Timestamp,User Count,Type,Name,Requests/s,Failures/s,50%,66%,75%,80%,90%,95%,98%,99%,99.9%,99.99%,100%,Total Request Count,Total Failure Count,Total Median Response Time,Total Average Response Time,Total Min Response Time,Total Max Response Time,Total Average Content Size
1733357849,0,,Aggregated,0.000000,0.000000,N/A,N/A,N/A,N/A,N/A,N/A,N/A,N/A,N/A,N/A,N/A,0,0,0,0.0,0,0,0
1733357850,1,,Aggregated,0.000000,0.000000,210,210,210,210,210,210,210,210,210,210,210,2,0,69.3747949999306,141.56765999996423,69.3747949999306,213.76052499999787,34.0
1733357851,2,,Aggregated,0.000000,0.000000,69,69,210,210,210,210,210,210,210,210,210,4,0,16,77.71163375014112,11.533515000337502,213.76052499999787,25.25
1733357852,3,,Aggregated,2.000000,0.000000,16,16,69,92,210,210,210,210,210,210,210,10,0,15,45.42517639993093,5.494572000316111,213.76052499999787,27.9
1733357853,4,,Aggregated,2.000000,0.000000,15,16,16,22,92,210,210,210,210,210,210,17,0,15,31.70502188234369,5.494572000316111,213.76052499999787,34.8235294117647
1733357854,5,,Aggregated,2.000000,0.000000,12,15,16,16,69,92,210,210,210,210,210,24,0,11,25.030694083322185,5.178923000130453,213.76052499999787,37.75
1733357855,6,,Aggregated,3.000000,0.000000,11,15,16,16,69,92,210,210,210,210,210,28,0,11,22.891661571423224,5.178923000130453,213.76052499999787,35.285714285714285
1733357856,7,,Aggregated,4.200000,0.000000,11,15,16,19,29,69,210,210,210,210,210,41,0,11,20.24601329266283,5.178923000130453,213.76052499999787,39.65853658536585
1733357857,8,,Aggregated,4.333333,0.000000,12,15,16,19,29,69,210,210,210,210,210,49,0,12,19.21617514286407,5.178923000130453,213.76052499999787,41.51020408163265
1733357858,9,,Aggregated,5.000000,0.000000,12,16,18,18,26,69,92,210,210,210,210,59,0,12,18.241892067805058,5.178923000130453,213.76052499999787,46.13559322033898
1733357859,10,,Aggregated,5.375000,0.000000,11,15,16,18,22,31,92,210,210,210,210,69,0,11,16.948198507278626,5.178923000130453,213.76052499999787,43.666666666666664
1733357860,11,,Aggregated,6.222222,0.000000,11,12,16,18,20,29,92,210,210,210,210,84,0,11,15.494679428586876,4.36478099982196,213.76052499999787,42.55952380952381
1733357861,12,,Aggregated,6.100000,0.000000,11,13,16,17,20,29,92,210,210,210,210,95,0,11,15.197429452650555,4.36478099982196,213.76052499999787,43.810526315789474
1733357862,13,,Aggregated,6.900000,0.000000,11,13,16,17,20,27,69,92,210,210,210,112,0,10,14.548824357137034,4.36478099982196,213.76052499999787,46.035714285714285
1733357863,14,,Aggregated,8.500000,0.000000,10,12,16,17,20,26,69,92,210,210,210,133,0,10,13.816665233098046,3.9134279995778343,213.76052499999787,45.5187969924812
1733357864,15,,Aggregated,9.700000,0.000000,10,12,14,16,19,22,31,92,210,210,210,153,0,10,13.188976601335513,3.9067329998943023,213.76052499999787,44.326797385620914
1733357865,16,,Aggregated,10.900000,0.000000,10,12,14,16,20,22,31,92,210,210,210,166,0,10,13.016364397626822,3.9067329998943023,213.76052499999787,44.006024096385545
1733357866,17,,Aggregated,11.600000,0.000000,10,12,14,16,19,22,31,92,210,210,210,184,0,10,12.774745875034291,3.9067329998943023,213.76052499999787,45.32608695652174
1733357867,18,,Aggregated,13.000000,0.000000,10,12,14,16,19,22,29,69,210,210,210,207,0,10,12.568346323697602,3.9067329998943023,213.76052499999787,45.66183574879227
1733357868,19,,Aggregated,14.400000,0.000000,10,12,13,15,18,21,29,69,210,210,210,222,0,10,12.449101391912581,3.7242809994495474,213.76052499999787,45.43693693693694
1733357869,20,,Aggregated,14.900000,0.000000,10,12,13,15,18,21,29,69,210,210,210,247,0,10,12.031070230794446,3.7242809994495474,213.76052499999787,45.61943319838057
1733357870,21,,Aggregated,15.800000,0.000000,10,12,13,15,18,21,27,69,210,210,210,272,0,10,11.900071977974596,3.7242809994495474,213.76052499999787,45.3639705882353
1733357871,22,,Aggregated,18.000000,0.000000,10,12,13,15,18,21,26,31,210,210,210,304,0,10,11.765421210548922,3.7242809994495474,213.76052499999787,46.12171052631579
1733357872,23,,Aggregated,18.500000,0.000000,10,12,13,15,18,21,26,31,210,210,210,329,0,10,11.546923431620947,3.571598999769776,213.76052499999787,46.70516717325228
1733357873,24,,Aggregated,19.000000,0.000000,10,12,13,14,18,21,26,31,210,210,210,350,0,10,11.249413394294347,3.528962999553187,213.76052499999787,45.565714285714286
1733357874,25,,Aggregated,20.500000,0.000000,10,11,13,13,17,21,23,31,210,210,210,375,0,10,11.022668240009807,3.3681990007607965,213.76052499999787,44.65866666666667
1733357875,26,,Aggregated,21.400000,0.000000,10,11,12,13,17,21,23,31,210,210,210,397,0,10,10.8252886297288,3.158972999699472,213.76052499999787,44.45340050377834
1733357876,27,,Aggregated,22.000000,0.000000,9,11,12,13,17,21,22,29,210,210,210,430,0,9,10.5842293465177,3.158972999699472,213.76052499999787,45.11395348837209
1733357877,28,,Aggregated,22.800000,0.000000,9,11,12,13,17,20,22,29,210,210,210,468,0,9,10.090839758545254,3.0936999992263736,213.76052499999787,45.75
1733357878,29,,Aggregated,23.200000,0.000000,9,11,12,13,16,19,22,29,210,210,210,494,0,9,10.008220862340684,3.0936999992263736,213.76052499999787,45.71255060728745
1733357879,30,,Aggregated,24.700000,0.000000,8,10,12,13,16,19,22,27,210,210,210,532,0,8,9.712946231191285,3.0936999992263736,213.76052499999787,46.090225563909776
1733357880,31,,Aggregated,26.000000,0.000000,7,10,11,12,16,19,22,27,210,210,210,573,0,7,9.336372624772354,3.0936999992263736,213.76052499999787,46.160558464223385
1733357881,32,,Aggregated,25.600000,0.000000,7,10,11,12,16,18,22,27,210,210,210,596,0,7,9.22147028690166,3.0936999992263736,213.76052499999787,45.919463087248324
1733357882,33,,Aggregated,29.700000,0.000000,7,10,11,12,15,18,22,26,210,210,210,650,0,7,8.972432835372064,2.891193999857933,213.76052499999787,45.918461538461536
1733357883,34,,Aggregated,30.500000,0.000000,7,10,11,12,15,18,22,26,210,210,210,685,0,7,8.927583872980533,2.891193999857933,213.76052499999787,46.2014598540146
1733357884,35,,Aggregated,30.100000,0.000000,7,10,11,12,15,18,22,23,210,210,210,728,0,7,8.804972979386807,2.891193999857933,213.76052499999787,45.869505494505496
1733357885,36,,Aggregated,31.900000,0.000000,7,10,11,12,15,18,21,23,210,210,210,759,0,7,8.680467835301238,2.8774929996870924,213.76052499999787,45.63241106719368
1733357886,37,,Aggregated,34.000000,0.000000,7,9,11,12,15,17,21,23,210,210,210,800,0,7,8.648122074985167,2.8774929996870924,213.76052499999787,46.19625
1733357887,38,,Aggregated,35.100000,0.000000,7,9,11,12,15,18,21,22,210,210,210,842,0,7,8.641959741078505,2.729627999542572,213.76052499999787,46.426365795724465
1733357888,39,,Aggregated,35.800000,0.000000,7,9,11,12,15,17,21,22,210,210,210,873,0,7,8.604086799524149,2.729627999542572,213.76052499999787,46.348224513172966
1733357889,40,,Aggregated,36.600000,0.000000,7,9,11,12,14,17,21,22,210,210,210,924,0,7,8.42002997617023,2.4492009997629793,213.76052499999787,46.307359307359306
1733357890,41,,Aggregated,37.400000,0.000000,7,9,11,12,14,17,21,22,210,210,210,967,0,7,8.45858707754303,2.4492009997629793,213.76052499999787,46.083764219234745
1733357891,42,,Aggregated,39.000000,0.000000,7,9,11,12,14,17,21,22,92,210,210,1016,0,7,8.408463653527573,2.4492009997629793,213.76052499999787,45.94881889763779
1733357892,43,,Aggregated,38.100000,0.000000,7,9,10,11,14,17,21,22,92,210,210,1059,0,7,8.231652216227776,2.4492009997629793,213.76052499999787,46.08876298394712
1733357893,44,,Aggregated,39.300000,0.000000,7,9,10,11,14,17,21,22,92,210,210,1108,0,7,8.119240222008607,2.4492009997629793,213.76052499999787,46.49187725631769
1733357894,45,,Aggregated,42.000000,0.000000,6,9,10,11,14,17,20,22,92,210,210,1158,0,6,8.00871917097645,2.4492009997629793,213.76052499999787,46.560449050086355
1733357895,46,,Aggregated,41.200000,0.000000,6,9,10,11,13,16,20,22,92,210,210,1216,0,6,7.819801069893784,2.4492009997629793,213.76052499999787,46.407072368421055
1733357896,47,,Aggregated,43.200000,0.000000,6,9,10,11,13,16,19,22,92,210,210,1253,0,6,7.789981984829169,2.4492009997629793,213.76052499999787,46.22585794094174
1733357897,48,,Aggregated,43.000000,0.000000,6,8,10,11,13,16,19,22,92,210,210,1305,0,6,7.691246518002344,2.381907999733812,213.76052499999787,46.43065134099617
1733357898,49,,Aggregated,45.200000,0.000000,6,8,10,11,13,16,19,22,92,210,210,1366,0,6,7.633783541723926,2.381907999733812,213.76052499999787,46.63762811127379
1733357899,50,,Aggregated,46.800000,0.000000,6,8,10,11,13,16,19,22,92,210,210,1427,0,6,7.544524685350411,2.381907999733812,213.76052499999787,46.62438682550806
1733357900,51,,Aggregated,48.200000,0.000000,6,8,10,11,13,16,19,22,92,210,210,1473,0,6,7.480314767817791,2.319998000530177,213.76052499999787,46.37746096401901
1733357901,52,,Aggregated,49.400000,0.000000,6,8,10,10,13,15,19,21,92,210,210,1532,0,6,7.3896254001264525,2.244169999357837,213.76052499999787,46.12206266318538
1733357902,53,,Aggregated,51.200000,0.000000,6,8,9,10,13,15,19,21,92,210,210,1602,0,6,7.274614958171125,2.244169999357837,213.76052499999787,46.14357053682896
1733357903,54,,Aggregated,51.000000,0.000000,6,8,9,10,13,15,18,21,92,210,210,1657,0,6,7.256543885931827,2.244169999357837,213.76052499999787,46.11406155703078
1733357904,55,,Aggregated,51.700000,0.000000,6,8,9,10,13,15,18,21,92,210,210,1723,0,6,7.188707874632998,2.244169999357837,213.76052499999787,46.109692396982005
1733357905,56,,Aggregated,54.400000,0.000000,6,8,9,10,12,15,18,21,92,210,210,1783,0,6,7.138853536168181,2.244169999357837,213.76052499999787,46.23892316320808
1733357906,57,,Aggregated,54.000000,0.000000,6,8,9,10,12,15,18,21,92,210,210,1842,0,6,7.0945567187770635,2.244169999357837,213.76052499999787,46.382193268186754
1733357907,58,,Aggregated,56.900000,0.000000,6,8,9,10,12,15,18,21,92,210,210,1917,0,6,7.045158838282675,2.244169999357837,213.76052499999787,46.340636411058945
1733357908,59,,Aggregated,58.200000,0.000000,6,8,9,10,12,15,18,21,92,210,210,1970,0,6,6.974939870045825,2.244169999357837,213.76052499999787,46.350761421319795
1733357909,60,,Aggregated,58.800000,0.000000,6,8,9,10,12,15,18,21,69,210,210,2031,0,6,6.910339551940789,2.190956000049482,213.76052499999787,46.51698670605613
1733357910,61,,Aggregated,59.600000,0.000000,5,7,9,10,12,15,18,21,69,210,210,2108,0,5,6.835474210148075,2.0800429992959835,213.76052499999787,46.37950664136623
1733357911,62,,Aggregated,59.600000,0.000000,5,7,9,10,12,14,18,21,69,210,210,2181,0,5,6.7121731187496,2.0800429992959835,213.76052499999787,46.49747822099954
1733357912,63,,Aggregated,60.400000,0.000000,5,7,9,9,12,14,17,21,69,210,210,2251,0,5,6.619133982226023,2.0800429992959835,213.76052499999787,46.50821856952466
1733357913,64,,Aggregated,63.300000,0.000000,5,7,9,9,12,14,17,20,69,210,210,2315,0,5,6.616016437144005,2.0800429992959835,213.76052499999787,46.46479481641469
1733357914,65,,Aggregated,64.800000,0.000000,5,7,9,9,12,14,17,20,69,210,210,2381,0,5,6.637369852576053,2.0800429992959835,213.76052499999787,46.41285174296514
1733357915,66,,Aggregated,65.000000,0.000000,5,7,9,9,12,14,17,20,69,210,210,2443,0,5,6.6030145149347055,2.0800429992959835,213.76052499999787,46.48587801882931
1733357916,67,,Aggregated,66.400000,0.000000,5,7,8,9,12,14,17,19,69,210,210,2522,0,5,6.575310883816938,2.0377480004754034,213.76052499999787,46.54203013481364
1733357917,68,,Aggregated,66.100000,0.000000,5,7,9,9,12,14,17,19,69,210,210,2593,0,5,6.585773780559483,2.0377480004754034,213.76052499999787,46.505977632086385
1733357918,69,,Aggregated,66.000000,0.000000,5,7,9,9,12,14,17,19,69,210,210,2665,0,5,6.559791750463787,2.0377480004754034,213.76052499999787,46.57448405253283
1733357919,70,,Aggregated,68.300000,0.000000,5,7,8,9,11,14,17,19,69,210,210,2744,0,5,6.537810188767899,2.0377480004754034,213.76052499999787,46.71209912536443
1733357920,71,,Aggregated,67.900000,0.000000,5,7,8,9,11,14,17,19,69,210,210,2821,0,5,6.540214911016602,2.0377480004754034,213.76052499999787,46.63062743707905
1733357921,72,,Aggregated,70.300000,0.000000,5,7,8,9,11,14,17,19,69,210,210,2900,0,5,6.548425675164567,2.0377480004754034,213.76052499999787,46.793103448275865
1733357922,73,,Aggregated,71.200000,0.000000,5,7,8,9,11,14,17,19,69,210,210,2977,0,5,6.543130303316396,2.0377480004754034,213.76052499999787,46.71514947934162
1733357923,74,,Aggregated,71.900000,0.000000,5,7,8,9,11,13,17,19,31,210,210,3058,0,5,6.524810951918538,2.0257099995433236,213.76052499999787,46.80935251798561
1733357924,75,,Aggregated,71.200000,0.000000,5,7,8,9,11,13,17,19,31,210,210,3133,0,5,6.521175155113889,2.019645000473247,213.76052499999787,46.71050111714012
1733357925,76,,Aggregated,73.600000,0.000000,5,7,8,9,11,13,16,19,31,210,210,3209,0,5,6.515655079144303,2.019645000473247,213.76052499999787,46.79682143970084
1733357926,77,,Aggregated,74.900000,0.000000,5,7,8,9,11,13,16,19,31,210,210,3294,0,5,6.4883392856637405,1.9804900002782233,213.76052499999787,46.94990892531876
1733357927,78,,Aggregated,75.900000,0.000000,5,7,8,9,11,13,16,19,31,210,210,3380,0,5,6.410937636975344,1.9804900002782233,213.76052499999787,46.889940828402366
1733357928,79,,Aggregated,76.200000,0.000000,5,7,8,9,11,13,16,18,31,210,210,3466,0,5,6.342269875065632,1.922935999573383,213.76052499999787,46.93421811886901
1733357929,80,,Aggregated,78.600000,0.000000,5,7,8,9,11,13,16,18,31,210,210,3556,0,5,6.283352123165562,1.922935999573383,213.76052499999787,46.988188976377955
1733357930,81,,Aggregated,79.700000,0.000000,5,7,8,9,11,13,16,18,31,210,210,3645,0,5,6.2628360526687725,1.922935999573383,213.76052499999787,47.07572016460905
1733357931,82,,Aggregated,81.400000,0.000000,5,7,8,9,11,13,16,18,31,210,210,3737,0,5,6.227620100608541,1.6877520001798985,213.76052499999787,47.24779234680225
1733357932,83,,Aggregated,80.900000,0.000000,5,7,8,9,11,13,16,18,31,210,210,3826,0,5,6.233975767373564,1.6877520001798985,213.76052499999787,47.26215368531103
1733357933,84,,Aggregated,83.600000,0.000000,5,7,8,9,11,13,16,18,31,210,210,3911,0,5,6.216341328041412,1.6877520001798985,213.76052499999787,47.192533878803374
1733357934,85,,Aggregated,84.400000,0.000000,5,7,8,9,11,13,16,18,31,210,210,4000,0,5,6.181817025492137,1.6877520001798985,213.76052499999787,47.14325
1733357935,86,,Aggregated,84.900000,0.000000,5,7,8,9,11,13,16,18,29,210,210,4094,0,5,6.1819894005773355,1.6877520001798985,213.76052499999787,47.046653639472396
1733357936,87,,Aggregated,85.100000,0.000000,5,7,8,9,11,13,16,18,29,210,210,4182,0,5,6.166615826389927,1.6877520001798985,213.76052499999787,46.99736967957915
1733357937,88,,Aggregated,86.400000,0.000000,5,7,8,9,11,13,16,18,29,210,210,4302,0,5,6.141844110867893,1.6877520001798985,213.76052499999787,47.04044630404463
1733357938,89,,Aggregated,88.400000,0.000000,5,7,8,9,11,13,15,18,29,210,210,4387,0,5,6.122424596068344,1.676719999522902,213.76052499999787,47.005014816503305
1733357939,90,,Aggregated,87.500000,0.000000,5,7,8,9,11,13,15,18,29,210,210,4471,0,5,6.102406335260936,1.676719999522902,213.76052499999787,47.005815253858195
1733357940,91,,Aggregated,90.800000,0.000000,5,7,8,9,11,12,15,18,29,210,210,4577,0,5,6.089742424501846,1.676719999522902,213.76052499999787,46.996285776709634
1733357941,92,,Aggregated,90.300000,0.000000,5,7,8,9,11,12,15,17,29,210,210,4658,0,5,6.094081421413772,1.676719999522902,213.76052499999787,47.01975096607986
1733357942,93,,Aggregated,92.700000,0.000000,5,7,8,9,11,12,15,17,29,210,210,4762,0,5,6.048297322541596,1.676039999438217,213.76052499999787,47.10247795044099
1733357943,94,,Aggregated,91.900000,0.000000,5,7,8,8,11,12,15,17,29,210,210,4860,0,5,5.977499883731797,1.676039999438217,213.76052499999787,47.00864197530864
1733357944,95,,Aggregated,93.600000,0.000000,5,7,8,8,11,12,15,17,29,210,210,4963,0,5,5.96200256577436,1.676039999438217,213.76052499999787,46.887970985291155
1733357945,96,,Aggregated,94.200000,0.000000,5,7,8,8,10,12,15,17,27,210,210,5061,0,5,5.9447398083263,1.676039999438217,213.76052499999787,46.74056510571033
1733357946,97,,Aggregated,93.900000,0.000000,5,7,8,8,10,12,15,17,27,210,210,5158,0,5,5.9756997235241585,1.676039999438217,213.76052499999787,46.73691353237689
1733357947,98,,Aggregated,95.800000,0.000000,5,7,8,8,10,12,15,17,27,210,210,5259,0,5,5.9444794611029295,1.676039999438217,213.76052499999787,46.74481840654117
1733357948,99,,Aggregated,97.300000,0.000000,5,7,8,8,10,12,15,17,27,210,210,5367,0,5,5.934529133211047,1.676039999438217,213.76052499999787,46.72498602571269
1733357949,100,,Aggregated,96.900000,0.000000,5,7,8,8,10,12,15,17,27,210,210,5485,0,5,5.914006187228461,1.676039999438217,213.76052499999787,46.88040109389243
1733357950,100,,Aggregated,97.700000,0.000000,5,7,8,8,10,12,15,17,27,210,210,5598,0,5,5.892819278483354,1.676039999438217,213.76052499999787,46.90282243658449
1733357951,100,,Aggregated,100.000000,0.000000,5,7,8,8,10,12,15,17,27,210,210,5708,0,5,5.853271778022637,1.6287850003209314,213.76052499999787,46.686755430974074
1733357952,100,,Aggregated,100.700000,0.000000,5,7,8,8,10,12,15,17,27,210,210,5795,0,5,5.868305306117891,1.6287850003209314,213.76052499999787,46.66471095772217
1733357953,100,,Aggregated,102.300000,0.000000,5,7,8,8,10,12,15,17,27,210,210,5904,0,5,5.85580780114338,1.6287850003209314,213.76052499999787,46.63109756097561
1733357954,100,,Aggregated,103.700000,0.000000,5,7,8,8,10,12,15,17,26,210,210,6021,0,5,5.842708606369099,1.6287850003209314,213.76052499999787,46.586613519348944
1733357955,100,,Aggregated,103.000000,0.000000,5,7,8,8,10,12,15,17,26,210,210,6111,0,5,5.844064612656738,1.6265429994746228,213.76052499999787,46.57928325969563
1733357956,100,,Aggregated,105.200000,0.000000,5,7,8,8,10,12,15,17,26,210,210,6239,0,5,5.855580995183332,1.5889320002315799,213.76052499999787,46.69049527167815
1733357957,100,,Aggregated,105.600000,0.000000,5,7,8,8,10,12,15,17,26,210,210,6326,0,5,5.857239932809225,1.5889320002315799,213.76052499999787,46.58156813152071
1733357958,100,,Aggregated,105.600000,0.000000,5,7,8,8,10,12,15,17,26,210,210,6449,0,5,5.844041012707928,1.5889320002315799,213.76052499999787,46.675143433090405
1733357959,100,,Aggregated,107.700000,0.000000,5,7,7,8,10,12,15,17,26,210,210,6563,0,5,5.8116696922072935,1.5420980007547769,213.76052499999787,46.66341612067652
1733357960,100,,Aggregated,105.800000,0.000000,5,7,8,8,10,12,15,17,26,210,210,6670,0,5,5.818233522332766,1.5420980007547769,213.76052499999787,46.66101949025487
1733357961,100,,Aggregated,106.800000,0.000000,5,7,7,8,10,12,15,17,26,210,210,6776,0,5,5.79523292236652,1.4804540005570743,213.76052499999787,46.62780401416765
1733357962,100,,Aggregated,106.600000,0.000000,5,7,7,8,10,12,15,17,26,210,210,6872,0,5,5.781344676507103,1.4804540005570743,213.76052499999787,46.70357974388824
1733357963,100,,Aggregated,106.700000,0.000000,5,7,7,8,10,12,15,17,23,210,210,7002,0,5,5.785977362176121,1.4804540005570743,213.76052499999787,46.70037132247929
1733357964,100,,Aggregated,106.900000,0.000000,5,7,7,8,10,12,15,17,23,210,210,7093,0,5,5.782224491887267,1.4804540005570743,213.76052499999787,46.69758917242351
1733357965,100,,Aggregated,106.500000,0.000000,5,7,7,8,10,12,15,17,23,210,210,7211,0,5,5.778171515872594,1.4804540005570743,213.76052499999787,46.61461655803633
1733357966,100,,Aggregated,108.900000,0.000000,5,7,7,8,10,12,14,16,23,210,210,7328,0,5,5.768309993034659,1.4804540005570743,213.76052499999787,46.631140829694324
1733357967,100,,Aggregated,107.600000,0.000000,5,7,7,8,10,12,14,16,23,210,210,7424,0,5,5.771163199077709,1.4804540005570743,213.76052499999787,46.63186961206897
1733357968,100,,Aggregated,107.300000,0.000000,5,7,7,8,10,12,14,16,23,210,210,7535,0,5,5.779971547173336,1.4804540005570743,213.76052499999787,46.65958858659589
1733357969,100,,Aggregated,108.600000,0.000000,5,7,7,8,10,12,14,17,26,210,210,7637,0,5,5.783173802665408,1.4804540005570743,213.76052499999787,46.61909126620401
1733357970,100,,Aggregated,109.000000,0.000000,5,7,7,8,10,12,14,16,26,210,210,7760,0,5,5.753445549092333,1.4237180002965033,213.76052499999787,46.645747422680415
1733357971,100,,Aggregated,107.900000,0.000000,5,7,7,8,10,12,14,16,26,210,210,7855,0,5,5.758496913679309,1.4237180002965033,213.76052499999787,46.66569064290261
1733357972,100,,Aggregated,107.400000,0.000000,5,7,7,8,10,12,14,16,26,210,210,7986,0,5,5.753516106304881,1.4237180002965033,213.76052499999787,46.77272727272727
1733357973,100,,Aggregated,108.300000,0.000000,5,7,7,8,10,12,14,16,23,210,210,8089,0,5,5.752365376678338,1.4237180002965033,213.76052499999787,46.73581406848807
1733357974,100,,Aggregated,108.300000,0.000000,5,6,7,8,10,12,14,16,23,210,210,8194,0,5,5.707669485105399,1.4237180002965033,213.76052499999787,46.723334146936786
1733357975,100,,Aggregated,110.800000,0.000000,5,6,7,8,10,12,14,16,23,210,210,8308,0,5,5.685695189209034,1.4237180002965033,213.76052499999787,46.70269619643717
1733357976,100,,Aggregated,108.600000,0.000000,5,6,7,8,10,12,14,16,23,210,210,8415,0,5,5.678001979078352,1.4237180002965033,213.76052499999787,46.678669043374924
1733357977,100,,Aggregated,109.900000,0.000000,5,6,7,8,10,12,14,16,23,210,210,8536,0,5,5.6840946047264325,1.4237180002965033,213.76052499999787,46.70173383317713
1733357978,100,,Aggregated,111.100000,0.000000,5,6,7,8,10,12,14,16,23,210,210,8623,0,5,5.689091899332551,1.3733240002693492,213.76052499999787,46.684100661022846
1733357979,100,,Aggregated,109.200000,0.000000,5,6,7,8,10,12,14,16,23,210,210,8752,0,5,5.65811715630102,1.3733240002693492,213.76052499999787,46.67264625228519
1733357980,100,,Aggregated,110.600000,0.000000,5,6,7,8,10,12,14,16,23,210,210,8850,0,5,5.6523012411240305,1.329853999777697,213.76052499999787,46.644745762711864
1733357981,100,,Aggregated,109.200000,0.000000,5,6,7,8,10,12,14,16,23,210,210,8953,0,5,5.667611141957409,1.329853999777697,213.76052499999787,46.623366469339885
1733357982,100,,Aggregated,111.000000,0.000000,5,6,7,8,10,12,14,16,22,210,210,9066,0,5,5.676169409656371,1.329853999777697,213.76052499999787,46.66721817780719
1733357983,100,,Aggregated,109.000000,0.000000,5,6,7,8,10,12,14,16,22,210,210,9191,0,5,5.669555201495894,1.329853999777697,213.76052499999787,46.711565662060714
1733357984,100,,Aggregated,109.300000,0.000000,5,6,7,8,10,12,14,16,22,210,210,9286,0,5,5.668690946042417,1.329853999777697,213.76052499999787,46.69717854835236
1733357985,100,,Aggregated,107.800000,0.000000,5,6,7,8,10,12,14,16,22,210,210,9400,0,5,5.679008881910259,1.329853999777697,213.76052499999787,46.744468085106384
1733357986,100,,Aggregated,109.900000,0.000000,5,6,7,8,10,12,14,16,22,210,210,9507,0,5,5.684779046593292,1.329853999777697,213.76052499999787,46.781739770695275
1733357987,100,,Aggregated,108.100000,0.000000,5,6,7,8,10,12,14,16,22,210,210,9610,0,5,5.687372272837218,1.329853999777697,213.76052499999787,46.82497398543184
1733357988,100,,Aggregated,107.800000,0.000000,5,6,7,8,10,12,14,16,22,210,210,9718,0,5,5.688002454102606,1.329853999777697,213.76052499999787,46.82815394114015
1733357989,100,,Aggregated,108.000000,0.000000,5,6,7,8,10,12,14,16,22,210,210,9842,0,5,5.664263262443721,1.329853999777697,213.76052499999787,46.764377159114
1733357990,100,,Aggregated,107.800000,0.000000,5,6,7,8,10,12,14,16,23,210,210,9943,0,5,5.65769249783505,1.329853999777697,213.76052499999787,46.804083274665594
1733357991,100,,Aggregated,109.500000,0.000000,5,6,7,8,10,11,14,16,22,92,210,10058,0,5,5.636975706797452,1.329853999777697,213.76052499999787,46.86726983495725
1733357992,100,,Aggregated,109.200000,0.000000,5,6,7,8,10,11,14,16,22,92,210,10168,0,5,5.637266114474547,1.329853999777697,213.76052499999787,46.84451219512195
1733357993,100,,Aggregated,109.500000,0.000000,5,6,7,8,10,11,14,16,22,92,210,10267,0,5,5.636590995225512,1.329853999777697,213.76052499999787,46.83003798577968
1733357994,100,,Aggregated,109.000000,0.000000,5,6,7,8,10,11,14,16,22,92,210,10378,0,5,5.6360177939860865,1.329853999777697,213.76052499999787,46.83214492195028
1733357995,100,,Aggregated,110.000000,0.000000,5,6,7,8,10,11,14,16,22,92,210,10481,0,5,5.642110968608346,1.329853999777697,213.76052499999787,46.854784848773974
1733357996,100,,Aggregated,107.600000,0.000000,5,6,7,8,10,11,14,16,22,92,210,10613,0,5,5.641650691602795,1.32669199956581,213.76052499999787,46.96579666446811
1733357997,100,,Aggregated,109.900000,0.000000,5,6,7,8,10,11,14,16,22,92,210,10726,0,5,5.647021718532874,1.32669199956581,213.76052499999787,47.0295543539064
1733357998,100,,Aggregated,108.400000,0.000000,5,6,7,8,10,11,14,16,22,92,210,10821,0,5,5.646042161443244,1.32669199956581,213.76052499999787,47.0500877922558
1733357999,100,,Aggregated,110.600000,0.000000,5,6,7,8,10,11,14,16,22,92,210,10910,0,5,5.6412695392281496,1.32669199956581,213.76052499999787,46.99761686526123
1733358000,100,,Aggregated,110.800000,0.000000,5,6,7,8,10,11,14,16,22,92,210,11029,0,5,5.6462332303909,1.32669199956581,213.76052499999787,46.96880950222142
1733358001,100,,Aggregated,109.300000,0.000000,5,6,7,8,10,11,14,16,22,92,210,11134,0,5,5.652792569514804,1.32669199956581,213.76052499999787,46.93721932818394
1733358002,100,,Aggregated,106.300000,0.000000,5,6,7,8,10,11,14,16,22,92,210,11234,0,5,5.647899481304943,1.32669199956581,213.76052499999787,46.93955848317607
1733358003,100,,Aggregated,107.700000,0.000000,5,6,7,8,10,11,14,16,22,92,210,11350,0,5,5.639214890130293,1.32669199956581,213.76052499999787,46.94290748898678
1733358004,100,,Aggregated,107.800000,0.000000,5,6,7,8,10,11,14,16,22,92,210,11447,0,5,5.6411914042091835,1.32669199956581,213.76052499999787,46.90364287586267
1733358005,100,,Aggregated,106.900000,0.000000,5,6,7,8,10,11,14,16,22,92,210,11552,0,5,5.622579619025468,1.32669199956581,213.76052499999787,46.89793975069252
1733358006,100,,Aggregated,107.600000,0.000000,5,6,7,8,10,11,14,16,22,92,210,11660,0,5,5.595388353171742,1.32669199956581,213.76052499999787,46.92444253859348
1733358007,100,,Aggregated,106.200000,0.000000,5,6,7,8,10,11,14,16,22,92,210,11766,0,5,5.593338720378917,1.32669199956581,213.76052499999787,46.93268740438552
1733358008,100,,Aggregated,107.000000,0.000000,5,6,7,8,10,11,14,16,22,92,210,11881,0,5,5.589116128438169,1.307864999944286,213.76052499999787,47.02407204780742
1733358009,100,,Aggregated,104.800000,0.000000,5,6,7,8,10,11,14,16,22,92,210,11997,0,5,5.586120979326154,1.307864999944286,213.76052499999787,47.000750187546885
1733358010,100,,Aggregated,104.100000,0.000000,5,6,7,8,10,11,14,16,22,92,210,12102,0,5,5.582465865804746,1.307864999944286,213.76052499999787,46.99834738059825
1733358011,100,,Aggregated,105.900000,0.000000,5,6,7,8,10,11,14,16,22,92,210,12220,0,5,5.576170056298779,1.307864999944286,213.76052499999787,47.012356792144026
1733358013,100,,Aggregated,108.800000,0.000000,5,6,7,8,10,11,14,16,22,92,210,12335,0,5,5.5764438514773635,1.307864999944286,213.76052499999787,47.02432103769761
1733358014,100,,Aggregated,108.400000,0.000000,5,6,7,8,10,11,14,16,22,92,210,12441,0,5,5.576143884171751,1.307864999944286,213.76052499999787,47.0408327304879
1733358015,100,,Aggregated,109.800000,0.000000,5,6,7,8,10,11,14,16,22,92,210,12561,0,5,5.576489003979388,1.307864999944286,213.76052499999787,47.0097922139957
1733358016,100,,Aggregated,109.000000,0.000000,5,6,7,8,10,11,14,16,22,92,210,12659,0,5,5.57910563140718,1.307864999944286,213.76052499999787,47.0286752508097
1733358017,100,,Aggregated,111.100000,0.000000,5,6,7,8,10,11,14,16,22,92,210,12776,0,5,5.577144358796573,1.304538000113098,213.76052499999787,47.01017532874139
1733358018,100,,Aggregated,110.100000,0.000000,5,6,7,8,10,11,14,16,22,92,210,12892,0,5,5.5632360248202035,1.304538000113098,213.76052499999787,47.00380080670183
1733358019,100,,Aggregated,110.800000,0.000000,5,6,7,8,10,11,14,15,22,92,210,13001,0,5,5.5621257233277355,1.304538000113098,213.76052499999787,47.00392277517114
1733358020,100,,Aggregated,112.000000,0.000000,5,6,7,8,10,11,13,15,22,92,210,13098,0,5,5.563036076728098,1.304538000113098,213.76052499999787,46.980378683768514
1733358021,100,,Aggregated,111.600000,0.000000,5,6,7,8,9,11,13,15,22,92,210,13195,0,5,5.555726807880135,1.304538000113098,213.76052499999787,46.98408488063661
1733358022,100,,Aggregated,109.900000,0.000000,5,6,7,8,9,11,13,15,22,92,210,13305,0,5,5.559665829836875,1.304538000113098,213.76052499999787,46.96535137166479
1733358023,100,,Aggregated,108.900000,0.000000,5,6,7,8,9,11,13,15,22,92,210,13420,0,5,5.560776733828525,1.304538000113098,213.76052499999787,46.94634873323398
1733358024,100,,Aggregated,108.400000,0.000000,5,6,7,8,9,11,13,15,22,92,210,13531,0,5,5.5613718351182015,1.304538000113098,213.76052499999787,46.94331534993718
1733358025,100,,Aggregated,108.100000,0.000000,5,6,7,8,9,11,13,15,22,92,210,13633,0,5,5.567367677032383,1.304538000113098,213.76052499999787,46.95261497836133
1733358026,100,,Aggregated,108.900000,0.000000,5,6,7,8,9,11,13,15,22,92,210,13740,0,5,5.5689401128804015,1.304538000113098,213.76052499999787,47.02700145560408
1733358027,100,,Aggregated,106.900000,0.000000,5,6,7,8,9,11,13,15,22,92,210,13852,0,5,5.562376054213919,1.2455349997253506,213.76052499999787,47.000794109153915
1733358028,100,,Aggregated,107.500000,0.000000,5,6,7,8,9,11,13,15,22,92,210,13966,0,5,5.557067369538962,1.2455349997253506,213.76052499999787,47.05742517542603
1733358029,100,,Aggregated,108.000000,0.000000,5,6,7,8,9,11,13,15,22,92,210,14083,0,5,5.565627692819827,1.2455349997253506,213.76052499999787,47.02676986437549
1733358030,100,,Aggregated,107.400000,0.000000,5,6,7,8,9,11,13,15,22,92,210,14185,0,5,5.565049608176509,1.2455349997253506,213.76052499999787,47.043285160380684
1733358031,100,,Aggregated,107.900000,0.000000,5,6,7,8,9,11,13,15,22,92,210,14281,0,5,5.567137031159077,1.2455349997253506,213.76052499999787,47.04943631398361
1733358032,100,,Aggregated,107.700000,0.000000,5,6,7,8,9,11,13,15,22,92,210,14405,0,5,5.5604755737581835,1.2455349997253506,213.76052499999787,47.047830614370014
1733358033,100,,Aggregated,108.600000,0.000000,5,6,7,8,9,11,13,15,22,92,210,14511,0,5,5.5558741846868855,1.2455349997253506,213.76052499999787,47.10447246916132
1733358034,100,,Aggregated,109.500000,0.000000,5,6,7,8,9,11,13,15,22,92,210,14624,0,5,5.55839682275671,1.2455349997253506,213.76052499999787,47.06557713347921
1733358035,100,,Aggregated,109.300000,0.000000,5,6,7,8,9,11,13,15,22,92,210,14728,0,5,5.563987645504452,1.2187959991933894,213.76052499999787,47.07590983161325
1733358036,100,,Aggregated,108.600000,0.000000,5,6,7,8,9,11,13,15,22,92,210,14831,0,5,5.564543333220451,1.2187959991933894,213.76052499999787,47.07180904861439
1733358037,100,,Aggregated,108.800000,0.000000,5,6,7,8,9,11,13,15,22,92,210,14938,0,5,5.55003233210575,1.2187959991933894,213.76052499999787,47.06071763288258
1733358038,100,,Aggregated,108.800000,0.000000,5,6,7,8,9,11,13,15,22,92,210,15045,0,5,5.525127890660958,1.2187959991933894,213.76052499999787,47.05855766035228
1733358039,100,,Aggregated,107.800000,0.000000,5,6,7,8,9,11,13,15,22,92,210,15150,0,5,5.512831255312605,1.2187959991933894,213.76052499999787,47.05940594059406
1733358040,100,,Aggregated,107.300000,0.000000,5,6,7,8,9,11,13,15,22,92,210,15261,0,5,5.510588280059062,1.2187959991933894,213.76052499999787,47.03833300570081
1733358041,100,,Aggregated,106.500000,0.000000,5,6,7,8,9,11,13,15,22,92,210,15367,0,5,5.508451394676127,1.2187959991933894,213.76052499999787,47.04782976508102
1733358042,100,,Aggregated,107.800000,0.000000,5,6,7,8,9,11,13,15,22,92,210,15465,0,5,5.510048167603601,1.2187959991933894,213.76052499999787,47.06492078887811
1733358043,100,,Aggregated,108.600000,0.000000,5,6,7,8,9,11,13,15,22,92,210,15594,0,5,5.502274251954941,1.2187959991933894,213.76052499999787,47.08156983455175
1733358044,100,,Aggregated,106.000000,0.000000,5,6,7,8,9,11,13,15,22,92,210,15699,0,5,5.499898251416031,1.2187959991933894,213.76052499999787,47.121536403592586
1733358045,100,,Aggregated,107.900000,0.000000,5,6,7,8,9,11,13,15,22,92,210,15800,0,5,5.498857347024569,1.2187959991933894,213.76052499999787,47.09778481012658
1733358046,100,,Aggregated,107.300000,0.000000,5,6,7,8,9,11,13,15,22,92,210,15908,0,5,5.496748150928625,1.2187959991933894,213.76052499999787,47.07851395524265
1733358047,100,,Aggregated,107.400000,0.000000,5,6,7,8,9,11,13,15,22,92,210,16026,0,5,5.495316888865593,1.2187959991933894,213.76052499999787,47.07169599400974
1733358048,100,,Aggregated,108.400000,0.000000,5,6,7,8,9,11,13,15,22,92,210,16136,0,5,5.492715725208533,1.2187959991933894,213.76052499999787,47.06054784333168
1733358049,100,,Aggregated,108.400000,0.000000,5,6,7,8,9,11,13,15,22,92,210,16238,0,5,5.496822520566931,1.2187959991933894,213.76052499999787,47.05942850104692
1733358050,100,,Aggregated,109.700000,0.000000,5,6,7,8,9,11,13,15,22,92,210,16353,0,5,5.493509603557197,1.2187959991933894,213.76052499999787,47.033694123402434
1733358051,100,,Aggregated,107.700000,0.000000,5,6,7,8,9,11,13,15,22,92,210,16460,0,5,5.493658520229055,1.2187959991933894,213.76052499999787,47.01306196840826
1733358052,100,,Aggregated,109.100000,0.000000,5,6,7,8,9,11,13,15,22,92,210,16563,0,5,5.499413190905203,1.2187959991933894,213.76052499999787,47.00464891625913
1733358053,100,,Aggregated,108.900000,0.000000,5,6,7,8,9,11,13,15,22,92,210,16659,0,5,5.495997396299582,1.2187959991933894,213.76052499999787,46.99045560958041
1733358054,100,,Aggregated,109.500000,0.000000,5,6,7,8,9,11,13,15,22,92,210,16766,0,5,5.4935887904067915,1.2187959991933894,213.76052499999787,46.99403554813313
1733358055,100,,Aggregated,106.400000,0.000000,5,6,7,8,9,11,13,15,22,92,210,16875,0,5,5.491142152827525,1.2187959991933894,213.76052499999787,47.03034074074074
1733358056,100,,Aggregated,106.100000,0.000000,5,6,7,8,9,11,13,15,22,92,210,16988,0,5,5.48791762579271,1.2187959991933894,213.76052499999787,46.99917588886272
1733358057,100,,Aggregated,106.800000,0.000000,5,6,7,8,9,11,13,15,22,92,210,17092,0,5,5.485745293351993,1.2187959991933894,213.76052499999787,46.98174584600983
1733358058,100,,Aggregated,107.400000,0.000000,5,6,7,8,9,11,13,15,22,92,210,17181,0,5,5.484010109421214,1.2187959991933894,213.76052499999787,46.995285489785225
1733358059,100,,Aggregated,106.500000,0.000000,5,6,7,8,9,11,13,15,22,92,210,17303,0,5,5.481321422063615,1.2187959991933894,213.76052499999787,46.970814309657285
1733358060,100,,Aggregated,104.200000,0.000000,5,6,7,8,9,11,13,15,22,92,210,17398,0,5,5.4839027727304686,1.2187959991933894,213.76052499999787,46.97470973675135
1733358061,100,,Aggregated,106.600000,0.000000,5,6,7,8,9,11,13,15,22,92,210,17512,0,5,5.485782260049047,1.2187959991933894,213.76052499999787,46.98652352672453
1733358062,100,,Aggregated,105.100000,0.000000,5,6,7,8,9,11,13,15,22,92,210,17621,0,5,5.482513239315416,1.2187959991933894,213.76052499999787,46.9763350547642
1733358063,100,,Aggregated,104.700000,0.000000,5,6,7,7,9,11,13,15,22,92,210,17730,0,5,5.481242088493293,1.2187959991933894,213.76052499999787,46.97789058093627
1733358064,100,,Aggregated,105.600000,0.000000,5,6,7,8,9,11,13,15,22,92,210,17845,0,5,5.4852297214888965,1.2187959991933894,213.76052499999787,46.98940879798263
1733358065,100,,Aggregated,104.900000,0.000000,5,6,7,7,9,11,13,15,22,92,210,17961,0,5,5.484328810309551,1.2187959991933894,213.76052499999787,46.99782862869551
1733358066,100,,Aggregated,108.000000,0.000000,5,6,7,7,9,11,13,15,22,92,210,18057,0,5,5.482441007308983,1.2187959991933894,213.76052499999787,47.02392423990696
1733358067,100,,Aggregated,108.700000,0.000000,5,6,7,7,9,11,13,15,22,92,210,18159,0,5,5.483859175448281,1.2187959991933894,213.76052499999787,47.018558290654774
1733358068,100,,Aggregated,107.100000,0.000000,5,6,7,7,9,11,13,15,22,92,210,18268,0,5,5.487917593112037,1.2187959991933894,213.76052499999787,47.03902999781038
1733358069,100,,Aggregated,107.200000,0.000000,5,6,7,7,9,11,13,15,22,92,210,18381,0,5,5.475493423316058,1.2187959991933894,213.76052499999787,47.08574071051629
1733358070,100,,Aggregated,106.900000,0.000000,5,6,7,7,9,11,13,15,22,92,210,18495,0,5,5.457718340901022,1.2187959991933894,213.76052499999787,47.10716409840497
1733358071,100,,Aggregated,106.800000,0.000000,5,6,7,7,9,11,13,15,22,92,210,18592,0,5,5.456907971760391,1.2187959991933894,213.76052499999787,47.07142857142857
1733358072,100,,Aggregated,108.700000,0.000000,5,6,7,7,9,11,13,15,22,92,210,18716,0,5,5.462719380795641,1.2187959991933894,213.76052499999787,47.03745458431289
1733358073,100,,Aggregated,108.100000,0.000000,5,6,7,7,9,11,13,15,22,92,210,18820,0,5,5.4626747302320835,1.2187959991933894,213.76052499999787,47.03501594048884
1733358074,100,,Aggregated,108.800000,0.000000,5,6,7,7,9,11,13,15,22,92,210,18936,0,5,5.466909444707105,1.2187959991933894,213.76052499999787,47.03284748626954
1733358075,100,,Aggregated,108.800000,0.000000,5,6,7,7,9,11,13,15,22,92,210,19036,0,5,5.4660853681963175,1.2187959991933894,213.76052499999787,47.027054002941796
1733358076,100,,Aggregated,109.400000,0.000000,5,6,7,7,9,11,13,15,22,92,210,19147,0,5,5.464348662557385,1.2187959991933894,213.76052499999787,47.00579725283334
1733358077,100,,Aggregated,105.400000,0.000000,5,6,7,7,9,11,13,15,22,92,210,19247,0,5,5.46872584740399,1.2187959991933894,213.76052499999787,47.00436431651686
1733358078,100,,Aggregated,108.400000,0.000000,5,6,7,7,9,11,13,15,22,92,210,19364,0,5,5.468599620377336,1.2187959991933894,213.76052499999787,47.01471803346416
1733358079,100,,Aggregated,108.000000,0.000000,5,6,7,7,9,11,13,15,22,92,210,19477,0,5,5.472104764542006,1.2187959991933894,213.76052499999787,47.02741695332957
1733358080,100,,Aggregated,110.600000,0.000000,5,6,7,7,9,11,13,15,22,92,210,19570,0,5,5.469656017065953,1.2187959991933894,213.76052499999787,47.014001021972405
1733358081,100,,Aggregated,110.500000,0.000000,5,6,7,7,9,11,13,15,22,92,210,19680,0,5,5.466956138464206,1.2187959991933894,213.76052499999787,47.0260162601626
1733358082,100,,Aggregated,106.000000,0.000000,5,6,7,7,9,11,13,15,22,92,210,19786,0,5,5.465221545687199,1.2187959991933894,213.76052499999787,47.00308298797129
1733358083,100,,Aggregated,108.200000,0.000000,5,6,7,7,9,11,13,15,22,92,210,19898,0,5,5.465350570156555,1.2187959991933894,213.76052499999787,47.008443059603984
1733358084,100,,Aggregated,106.900000,0.000000,5,6,7,7,9,11,13,15,22,69,210,20003,0,5,5.46478001009782,1.2187959991933894,213.76052499999787,46.98440233964905
1733358085,100,,Aggregated,108.300000,0.000000,5,6,7,7,9,11,13,15,22,69,210,20106,0,5,5.468328569132489,1.2187959991933894,213.76052499999787,47.02233164229583
1733358086,100,,Aggregated,105.100000,0.000000,5,6,7,7,9,11,13,15,22,69,210,20215,0,5,5.472213131188698,1.2187959991933894,213.76052499999787,47.0064308681672
1733358087,100,,Aggregated,108.600000,0.000000,5,6,7,7,9,11,13,15,22,69,210,20334,0,5,5.475952056062888,1.2187959991933894,213.76052499999787,46.99350840956034
1733358088,100,,Aggregated,105.700000,0.000000,5,6,7,7,9,11,13,15,22,69,210,20452,0,5,5.480677853362938,1.2187959991933894,213.76052499999787,47.010463524349696
1733358089,100,,Aggregated,108.200000,0.000000,5,6,7,7,9,11,13,15,22,69,210,20541,0,5,5.4786818914840865,1.2187959991933894,213.76052499999787,46.97974782143031
1733358090,100,,Aggregated,107.800000,0.000000,5,6,7,7,9,11,13,15,22,69,210,20660,0,5,5.484854913599995,1.2187959991933894,213.76052499999787,46.9958857696031
1733358091,100,,Aggregated,106.600000,0.000000,5,6,7,7,9,11,13,15,22,69,210,20756,0,5,5.485077560704383,1.2187959991933894,213.76052499999787,46.98867797263442
1733358092,100,,Aggregated,109.700000,0.000000,5,6,7,7,9,11,13,15,22,69,210,20872,0,5,5.482479987590255,1.2187959991933894,213.76052499999787,47.006467995400534
1733358093,100,,Aggregated,107.900000,0.000000,5,6,7,7,9,11,13,15,22,69,210,20976,0,5,5.486168572367647,1.2187959991933894,213.76052499999787,46.995423340961096
1733358094,100,,Aggregated,107.300000,0.000000,5,6,7,7,9,11,13,15,22,69,210,21089,0,5,5.486029401156303,1.2187959991933894,213.76052499999787,47.03437811181185
1733358095,100,,Aggregated,108.300000,0.000000,5,6,7,7,9,11,13,15,22,69,210,21213,0,5,5.482173253052097,1.2187959991933894,213.76052499999787,47.0060340357328
1733358096,100,,Aggregated,109.700000,0.000000,5,6,7,7,9,11,13,15,22,69,210,21310,0,5,5.486681727686628,1.2187959991933894,213.76052499999787,46.98892538714219
1733358097,100,,Aggregated,110.000000,0.000000,5,6,7,7,9,11,13,15,22,69,210,21430,0,5,5.488862823285031,1.2187959991933894,213.76052499999787,46.96570228651423
1733358098,100,,Aggregated,109.300000,0.000000,5,6,7,7,9,11,13,15,22,69,210,21526,0,5,5.488913107684015,1.2187959991933894,213.76052499999787,46.94230233206355
1733358099,100,,Aggregated,108.700000,0.000000,5,6,7,7,9,11,13,15,22,69,210,21634,0,5,5.48783783572214,1.2187959991933894,213.76052499999787,46.94993990940187
1733358100,100,,Aggregated,107.500000,0.000000,5,6,7,7,9,11,13,15,22,69,210,21739,0,5,5.484488985924731,1.2187959991933894,213.76052499999787,46.92805556833341
1733358101,100,,Aggregated,108.000000,0.000000,5,6,7,7,9,11,13,15,22,69,210,21856,0,5,5.465645071560496,1.2187959991933894,213.76052499999787,46.92532942898975
1733358102,100,,Aggregated,108.000000,0.000000,5,6,7,7,9,11,13,15,22,69,210,21953,0,5,5.460120006378354,1.2187959991933894,213.76052499999787,46.921013073384046
1733358103,100,,Aggregated,109.100000,0.000000,5,6,7,7,9,11,13,15,22,69,210,22073,0,5,5.460701691660186,1.2187959991933894,213.76052499999787,46.93077515516695
1733358104,100,,Aggregated,108.200000,0.000000,5,6,7,7,9,11,13,15,22,69,210,22185,0,5,5.45744957223371,1.2187959991933894,213.76052499999787,46.904665314401626
1733358105,100,,Aggregated,108.700000,0.000000,5,6,7,7,9,11,13,15,22,69,210,22287,0,5,5.460256906941587,1.2187959991933894,213.76052499999787,46.91421007762373
1733358106,100,,Aggregated,108.500000,0.000000,5,6,7,7,9,11,13,15,22,69,210,22387,0,5,5.458674908875726,1.2187959991933894,213.76052499999787,46.91852414347613
1733358107,100,,Aggregated,107.100000,0.000000,5,6,7,7,9,11,13,15,22,69,210,22518,0,5,5.465204181099713,1.2187959991933894,213.76052499999787,46.94129141131539
1733358108,100,,Aggregated,109.500000,0.000000,5,6,7,7,9,11,13,15,22,69,210,22612,0,5,5.465919716390109,1.2187959991933894,213.76052499999787,46.921811427560584
1733358109,100,,Aggregated,110.100000,0.000000,5,6,7,7,9,11,13,15,22,69,210,22725,0,5,5.466705538042489,1.2187959991933894,213.76052499999787,46.904598459845985
1733358110,100,,Aggregated,109.100000,0.000000,5,6,7,7,9,11,13,15,22,69,210,22835,0,5,5.466326577359987,1.2187959991933894,213.76052499999787,46.89498576746223
1733358111,100,,Aggregated,109.100000,0.000000,5,6,7,7,9,11,13,15,22,69,210,22947,0,5,5.468981243954195,1.2187959991933894,213.76052499999787,46.89985619035168
1733358112,100,,Aggregated,108.400000,0.000000,5,6,7,7,9,11,13,15,21,69,210,23049,0,5,5.471836640983244,1.2187959991933894,213.76052499999787,46.89201266866242
1733358113,100,,Aggregated,108.100000,0.000000,5,6,7,7,9,11,13,15,21,69,210,23148,0,5,5.473684422974897,1.2187959991933894,213.76052499999787,46.91295144288924
1733358114,100,,Aggregated,110.300000,0.000000,5,6,7,7,9,11,13,15,21,69,210,23270,0,5,5.468836080017683,1.2187959991933894,213.76052499999787,46.91779114740009
1733358115,100,,Aggregated,107.500000,0.000000,5,6,7,7,9,11,13,15,21,69,210,23357,0,5,5.470852504517785,1.2187959991933894,213.76052499999787,46.94549813760329
1733358116,100,,Aggregated,108.100000,0.000000,5,6,7,7,9,11,13,15,22,69,210,23492,0,5,5.4751321965789606,1.2187959991933894,213.76052499999787,46.988847267154775
1733358117,100,,Aggregated,106.600000,0.000000,5,6,7,7,9,11,13,15,22,69,210,23584,0,5,5.472751843072947,1.2187959991933894,213.76052499999787,46.98681309362279
1733358118,100,,Aggregated,108.800000,0.000000,5,6,7,7,9,11,13,15,22,69,210,23717,0,5,5.469402605221586,1.2187959991933894,213.76052499999787,47.011679386094364
1733358119,100,,Aggregated,105.600000,0.000000,5,6,7,7,9,11,13,15,22,69,210,23821,0,5,5.469910691618154,1.2187959991933894,213.76052499999787,47.03597665925024
1733358120,100,,Aggregated,109.400000,0.000000,5,6,7,7,9,11,13,15,22,69,210,23907,0,5,5.4705630412451285,1.2187959991933894,213.76052499999787,47.02518090935709
1733358121,100,,Aggregated,108.400000,0.000000,5,6,7,7,9,11,13,15,22,69,210,24016,0,5,5.471385225851204,1.2187959991933894,213.76052499999787,47.02993837441706
1733358122,100,,Aggregated,108.300000,0.000000,5,6,7,7,9,11,13,15,22,69,210,24136,0,5,5.470726260691419,1.2187959991933894,213.76052499999787,47.02796652303613
1733358123,100,,Aggregated,108.300000,0.000000,5,6,7,7,9,11,13,15,22,69,210,24239,0,5,5.467972854698696,1.2187959991933894,213.76052499999787,47.0123354923883
1733358124,100,,Aggregated,107.900000,0.000000,5,6,7,7,9,11,13,15,22,69,210,24343,0,5,5.469240668325902,1.2187959991933894,213.76052499999787,46.99264675676786
1733358125,100,,Aggregated,107.800000,0.000000,5,6,7,7,9,11,13,15,22,69,210,24453,0,5,5.468648549996138,1.2187959991933894,213.76052499999787,46.98576861734757
1733358126,100,,Aggregated,107.700000,0.000000,5,6,7,7,9,11,13,15,22,69,210,24569,0,5,5.47040503557598,1.2187959991933894,213.76052499999787,46.993528430135534
1733358127,100,,Aggregated,109.400000,0.000000,5,6,7,7,9,11,13,15,22,69,210,24685,0,5,5.471048322668292,1.2187959991933894,213.76052499999787,46.99740733238809
1733358128,100,,Aggregated,107.700000,0.000000,5,6,7,7,9,11,13,15,22,69,210,24779,0,5,5.472567967837782,1.2187959991933894,213.76052499999787,46.98426086605593
1733358129,100,,Aggregated,109.100000,0.000000,5,6,7,7,9,11,13,15,22,69,210,24884,0,5,5.4717058204894995,1.2187959991933894,213.76052499999787,46.959331297219094
1733358130,100,,Aggregated,105.700000,0.000000,5,6,7,7,9,11,13,15,22,69,210,24990,0,5,5.469496865188458,1.2187959991933894,213.76052499999787,46.963585434173666
1733358131,100,,Aggregated,107.100000,0.000000,5,6,7,7,9,11,13,15,21,69,210,25081,0,5,5.470768660063774,1.2187959991933894,213.76052499999787,46.968063474343126
1733358132,100,,Aggregated,107.600000,0.000000,5,6,7,7,9,11,13,15,21,69,210,25183,0,5,5.457659149309548,1.2187959991933894,213.76052499999787,46.97089306278045
1733358133,100,,Aggregated,104.600000,0.000000,5,6,7,7,9,11,13,15,21,69,210,25296,0,5,5.444676091796013,1.2110160005249782,213.76052499999787,46.95532890575585
1733358134,100,,Aggregated,103.900000,0.000000,5,6,7,7,9,11,13,15,21,69,210,25408,0,5,5.443965853592236,1.2110160005249782,213.76052499999787,46.947418136020154
1733358135,100,,Aggregated,108.100000,0.000000,5,6,7,7,9,11,13,15,21,69,210,25497,0,5,5.445096339886561,1.2110160005249782,213.76052499999787,46.92387339687022
1733358136,100,,Aggregated,106.400000,0.000000,5,6,7,7,9,11,13,15,22,69,210,25618,0,5,5.450287458157291,1.2110160005249782,213.76052499999787,46.951791708954644
1733358137,100,,Aggregated,106.600000,0.000000,5,6,7,7,9,11,13,15,22,69,210,25724,0,5,5.446985279508347,1.2110160005249782,213.76052499999787,46.94126107914788
1733358138,100,,Aggregated,104.500000,0.000000,5,6,7,7,9,11,13,15,22,69,210,25817,0,5,5.447808675216681,1.2110160005249782,213.76052499999787,46.928303056125806
1733358139,100,,Aggregated,104.100000,0.000000,5,6,7,7,9,11,13,15,22,69,210,25943,0,5,5.450409814095375,1.2110160005249782,213.76052499999787,46.976602551748066
1733358140,100,,Aggregated,104.900000,0.000000,5,6,7,7,9,11,13,15,22,69,210,26037,0,5,5.4524256167791165,1.2110160005249782,213.76052499999787,46.979145062795254
1733358141,100,,Aggregated,103.800000,0.000000,5,6,7,7,9,11,13,15,22,69,210,26154,0,5,5.457438635201893,1.2110160005249782,213.76052499999787,46.98982947159134
1733358142,100,,Aggregated,104.000000,0.000000,5,6,7,7,9,11,13,15,22,69,210,26253,0,5,5.460248469434909,1.2110160005249782,213.76052499999787,46.993372186035884
1733358143,100,,Aggregated,108.100000,0.000000,5,6,7,7,9,11,13,15,22,69,210,26366,0,5,5.4604319485349295,1.2110160005249782,213.76052499999787,47.001517105362964
1733358144,100,,Aggregated,107.200000,0.000000,5,6,7,7,9,11,13,15,22,69,210,26453,0,5,5.463661331004924,1.2110160005249782,213.76052499999787,47.01145427739765
1733358145,100,,Aggregated,105.700000,0.000000,5,6,7,7,9,11,13,15,22,69,210,26565,0,5,5.46488641596412,1.2110160005249782,213.76052499999787,47.01554677206851
